gene,alteration
ABL1,BCR-ABL1
ACVR1,G328R
ACVR1,Q207E
ACVR1,G328D
ACVR1,G328E
ACVR1,G328V
ACVR1,G328W
ACVR1,G356D
ACVR1,R206H
ACVR1,R258C
ACVR1,R258S
ACVR1,R258G
ACVR1,Amplification
ACVR1,overexpression
AKT1,E17K
AKT1,L52R
AKT1,D323H
AKT1,Q79K
AKT1,Amplification
AKT1,Activating Mutations
AKT2,E17K
AKT2,Amplification
AKT2,R371H
AKT2,Deletions
AKT2,S302G
AKT2,N150S
AKT2,D153Y
AKT2,A377V
AKT2,IVS10+7delG
AKT2,Activating
AKT2,BCAM-AKT2 fusion
AKT2,D32H
AKT2,D399N
AKT2,R368C
AKT3,R247C
AKT3,E17K
AKT3,MAGI3-AKT3 fusion
AKT3,Amplification
ALK,Fusions
ALK,R1275Q
ALK,F1174I
ALK,F1174S
ALK,F1174L
ALK,D1091N
ALK,1151Tins
ALK,L1152R
ALK,C1156Y
ALK,L1196M
ALK,G1202R
ALK,S1206Y
ALK,G1269A
ALK,G1269S
ALK,T1151M
ALK,I1171
ALK,F1245
ALK,Y1278S
ALK,I1171N
ALK,F1245C
ALK,F1245L
ALK,F1174C
ALK,F1174V
ALK,L1198F
ALK,G1201E
ALK,Amplification
ALK,Exon Deletion
ALK,ALK Positive Tumors
APC,Truncating mutations
APC,RG40G
APC,A290T- Germline
APC,E1317Q
APC,I1307K
APC,N1026S
APC,R1450*
APC,R876*
APC,R1114*
APC,Q1378*
APC,R216*
APC,R499*
APC,Q1429*
APC,R564*
APC,R232*
APC,Y935*
APC,Q1338*
APC,Q1406*
APC,R213*
AR,W742C
AR,W742L
AR,AR-V7
AR,ARv567es
AR,T878S
AR,T878A
AR,H875Y
AR,Amplification
AR,L702H
AR,F877L
AR,Activating Mutations
ARAF,S214
ARAF,N217I
ARAF,G322S
ARAF,F351L
ARAF,Q347_A348del
ARAF,Activating Mutation
ARID1A,R1989*
ARID1A,R1335*
ARID1A,R693*
ARID1B,truncating mutations
ARID1B,Overexpression
ARID2,Truncating Mutations
ARID2,S297F
ARID2,R285W
ARID2,R285Q
ARID2,R314C
ARID2,R314S
ARID5B,Truncating Mutations
ASXL1,E1102D
ASXL1,Missense
ASXL1,Nonsense and Truncating Mutations
ASXL2,Nonsense and Frameshift Mutations
ASXL2,Missense
ATM,Wildtype
ATM,Truncating Mutations
ATM,R337
ATM,V2424G
ATM,E1978X
ATM,R337C
ATM,R337H
ATM,N2875
ATM,Inactivating Mutations
ATM,D1853
ATM,N2875S
ATM,N2875T
ATM,N2875K
ATM,D1853N
ATR,test
ATRX,Inactivating mutations
ATRX,L407F
ATRX,A1690D
ATRX,R2164S
ATRX,R907X
ATRX,R2188Q
ATRX,R1426X
ATRX,R221K
ATRX,E555*
ATRX,R1302fs
ATRX,K1001fs
ATRX,E991fs
ATRX,K425fs
ATRX,E1010fs
ATRX,D774fs
ATRX,L639fs
ATRX,1346_1347del
ATRX,1338_1339del
ATRX,199_205del
AURKA,Amplification
AURKB,Overexpression
B2M,Truncating mutations
B2M,M1
B2M,allelic deletion
B2M,Overexpression or elevated serum concentration
B2M,M1I
B2M,M1V
B2M,Deletions
BAP1,Truncating mutations
BAP1,H169
BAP1,E685V
BCL2,Overexpression by loss of repressive micro-RNAs
BCL2,Overexpression by reduced ubiquitin-mediated degradation
BCL2,-938 C>A
BCL2,Overexpression by Hypomethylation
BCL2,Regulation of activity by Phosphorylation
BCL2,BCL2-MUTATIONAL BURDEN AND GAIN-OF-FUNCTION
BCL2,Overexpression
BCL2,IGH-BCL2 + MYC
BCL2,Overexpression by IGH-BCL2 translocation
BCL2,IGH-BCL2 fusion
BCL2L11,Deletion Polymorphism
BCL2L11,Downregulation
BCL2L11,Single Nucleotide Polymorphism
BCL2L11,Homozygous Deletion
BCOR,BCOR-CCNB3 Fusion
BCOR,ZC3H7B-BCOR Fusion
BCOR,BCOR-RARA Fusion
BCOR,Truncating Mutations
BCOR,N1459S
BRAF,V600E
BRAF,V600K
BRAF,V600R
BRAF,V600D
BRAF,V600M
BRAF,S151A
BRAF,A246P
BRAF,Q257R
BRAF,R462I
BRAF,I463S
BRAF,G464E
BRAF,G464V
BRAF,G466A
BRAF,G466E
BRAF,G466V
BRAF,Y472C
BRAF,F468C
BRAF,G469R
BRAF,G469E
BRAF,G469V
BRAF,S467A
BRAF,G469A
BRAF,K483M
BRAF,L485F
BRAF,K499E
BRAF,E501G
BRAF,E501K
BRAF,T529I
BRAF,T529M
BRAF,T529N
BRAF,N581D
BRAF,N581S
BRAF,E586K
BRAF,D594A
BRAF,D594N
BRAF,D594G
BRAF,D594V
BRAF,F595L
BRAF,G596V
BRAF,G596R
BRAF,L597V
BRAF,L597S
BRAF,L597R
BRAF,L597Q
BRAF,T599I
BRAF,K601T
BRAF,K601E
BRAF,K601N
BRAF,A727V
BRAF,K472C
BRAF,KSRW601del
BRAF,G469L
BRAF,p61BRAF
BRAF,KIAA1549-BRAF Fusion
BRAF,TRIM24-BRAF fusion
BRAF,PAPSS1-BRAF fusion
BRAF,BRAF-AKAP9 fusion
BRAF,FAM131B-BRAF fusion
BRAF,AGK-BRAF fusion
BRAF,BRAF amplification
BRAF,Q61R
BRAF,Q61L
BRAF,G13R
BRAF,G12A
BRAF,Q61K
BRAF,G13D
BRAF,G12C
BRAF,G12S
BRAF,G12R
BRAF,G13V
BRAF,G12D
BRAF,G12V
BRAF,MEK1 C121S
BRAF,P124L
BRAF,P124S
BRAF,MEK1 Q56P
BRAF,NF1 inactivating mutations
BRAF,Activating Mutations
BRAF,insT
BRAF,insTT
BRAF,V600_K601delinsE
BRAF,G469del
BRAF,V600 wildtype
BRAF,D594E
BRAF,D594Y
BRCA1,1_109mut
BRCA1,224_1451mut
BRCA1,1280_1524mut
BRCA1,1560_1863mut
BRCA1,F1695L and D1733G
BRCA1,E23fs
BRCA1,Q1756fs
BRCA1,5382insC
BRCA1,185delAG
BRCA1,1675delA
BRCA1,1135insA
BRCA1,Truncating mutations
BRCA1,5383insC
BRCA1,Inactivating mutations
BRCA1,Promoter Hypermethylation
BRCA1,T826K
BRCA1,V1808A
BRCA1,M1652T
BRCA1,M1783T
BRCA1,M1652K
BRCA1,V1804D
BRCA1,G1706A
BRCA1,K45N
BRCA1,I68K
BRCA1,S72R
BRCA1,I15T
BRCA1,C39R
BRCA1,K45T
BRCA1,L52F
BRCA1,L63F
BRCA1,T77M
BRCA1,V11A
BRCA1,S1164I
BRCA1,Y179C
BRCA1,N132K
BRCA1,D1692Y
BRCA1,S1722F
BRCA1,L1854P
BRCA1,G1803A
BRCA1,V1714G
BRCA1,V1736G
BRCA1,R1751P
BRCA1,T1773I
BRCA1,D1692H
BRCA1,S1841R
BRCA1,E1836K
BRCA1,V1653M
BRCA1,G1763V
BRCA1,F1734S
BRCA1,S1841N
BRCA1,L1780P
BRCA1,D1739Y
BRCA1,V1741G
BRCA1,D1818G
BRCA1,W1837C
BRCA1,G1656D
BRCA1,A1752V
BRCA1,W1837G
BRCA1,S1715C
BRCA1,T1685A
BRCA1,R1699L
BRCA1,W1718S
BRCA1,V1838E
BRCA1,R1835P
BRCA1,M1689T
BRCA1,A1708V
BRCA1,F1761S
BRCA1,H1746N
BRCA1,T1691K
BRCA1,V1696L
BRCA1,A1843P
BRCA1,Q1811R
BRCA1,I42V
BRCA1,C44Y
BRCA1,E33A
BRCA1,M1R
BRCA1,C47F
BRCA1,V191D
BRCA1,I90T
BRCA1,I124V
BRCA1,W1718L
BRCA1,Y1703S
BRCA1,A1752G
BRCA1,E1735K
BRCA1,H1686Q
BRCA1,W1718C
BRCA1,H1686R
BRCA1,S1715R
BRCA1,C1697R
BRCA1,S1715N
BRCA1,P1749R
BRCA1,M1775R
BRCA1,G1788V
BRCA1,V1833M
BRCA1,D1739E
BRCA1,V1810G
BRCA1,M1689R
BRCA1,T1685I
BRCA1,A1752P
BRCA1,V1809F
BRCA1,Y1853C
BRCA1,T37R
BRCA1,C24R
BRCA1,H41R
BRCA1,C44F
BRCA1,T1700A
BRCA1,G1738R
BRCA1,G1738E
BRCA1,M1775K
BRCA1,I1766S
BRCA1,M18K
BRCA1,C47G
BRCA1,C39Y
BRCA1,R1699Q
BRCA1,R1699W
BRCA1,S1655F
BRCA1,V1736A
BRCA1,D1739G
BRCA1,L1407P
BRCA1,W1837R
BRCA1,G1706E
BRCA1,R1753T
BRCA1,L1764P
BRCA1,A1789T
BRCA1,A1708E
BRCA1,C61G
BRCA1,D1739V
BRCA1,T1691I
BRCA1,M18T
BRCA1,C64G
BRCA1,G1770V
BRCA1,V1713A
BRCA1,F1695L
BRCA1,D1733G
BRCA1,E1754K
BRCA1,A622V
BRCA1,P871L
BRCA1,N1309I
BRCA1,D1344H
BRCA1,K1183R
BRCA1,E1258G
BRCA1,N1309H
BRCA1,D1344N
BRCA1,E1258D
BRCA1,E1419K
BRCA2,Truncating Mutations
BRCA2,1_5000mut
BRD4,BRD4-NUT Fusion
BRD4,Amplification and Overexpression
BRIP1,R173C
BRIP1,R798*
BRIP1,K52R
BRIP1,Truncating Mutations
BRIP1,P47A
BRIP1,M299I
BTK,Overexpression and / or Constitutive Activation
BTK,C418S
BTK,Activating Mutations
BTK,Overexpression
BTK,C481S
BTK,E41K
BTK,R28C
BTK,K48E
BTK,Y223
BTK,Y551
BTK,R544
BTK,E445
CARD11,K208M
CARD11,D380V
CARD11,D223N
CARD11,G116S
CARD11,S243P
CARD11,F123I
CARD11,M233MGLNKM
CARD11,L244P
CARD11,D331G
CARD11,M176L
CARD11,E425K
CARD11,L225LI
CARD11,C49Y
CASP8,Inactivating mutations
CASP8,Truncating mutations
CASP8,Promoter Hypermethylation
CASP8,CASP8L splice isoform
CASP8,C248T
CASP8,G325A
CASP8,CASP8L
CBL,R830K
CBL,A848T
CBL,W802*
CBL,V813V
CBL,N832I
CBL,Q867Q
CBL,H903L
CBL,A850V
CBL,T852T
CBL,E815D
CBL,G868E
CBL,A877V
CBL,E821E
CBL,N890fs*15
CBL,E894*
CBL,I891I
CBL,G816S
CBL,G868V
CBL,Q875*
CBL,A881T
CBL,Q867*
CBL,R822T
CBL,A848V
CBL,R822G
CBL,E894G
CBL,Q367P
CBL,Y371S
CBL,S376F
CBL,Q249E
CBL,S80N
CBL,H94Y
CBL,H398Y
CBL,V391I
CBL,P417A
CBL,R420Q
CBL,R420P
CBL,L620F
CBL,72515_72517 del ATG
CBL,70Z-Cbl
CBL,Underexpression
CCND1,Amplification
CCND1,Overexpression
CCND1,Translocation
CCND1,T286
CCND1,P287
CCND1,truncating C-terminal mutation
CCND2,Amplification
CCND3,T283
CCND3,P284
CCND3,I290
CCND3,252_280trunc
CCND3,amplification
CCNE1,Amplification or Overexpression
CD276,underexpression
CD276,overexpression
CDH1,epigenetic silencing
CDH1,truncating mutations
CDH1,Missense Mutations
CDH1,160C>A
CDH1,Structural mutations
CDH1,deletion
CDH1,Q23*
CDK12,Truncating Mutations
CDK12,719_1051mut
CDK4,Amplification
CDK4,R24H
CDK4,R24C
CDK4,R24L
CDK4,K22M
CDK4,K22R
CDK6,Amplification
CDK8,Amplification
CDKN1A,Truncating Mutations
CDKN1A,Deletion
CDKN1A,Expression status
CDKN1A,Mutation: S31R susceptibility variant
CDKN1B,Deletion
CDKN1B,Truncating mutations
CDKN1B,G9R
CDKN1B,P133T
CDKN1B,Inactivating Mutations
CDKN1B,Single nucleotide polymorphism 326T>G
CDKN1B,Single nucleotide polymorphism -79C>T
CDKN2A,Deletion
CDKN2A,Epigenetic Silencing
CDKN2A,p.149F
CDKN2A,p.G35R
CDKN2A,R22W
CDKN2A,R80*
CDKN2A,W110*
CDKN2A,H83Y
CDKN2A,R58*
CDKN2A,V51_splice
CDKN2A,Q50*
CDKN2A,P114L
CDKN2A,E88*
CDKN2A,E88K
CDKN2A,Loss of Expression
CDKN2A,Inactivating Mutations
CDKN2A,Germline Mutations
CDKN2A,149F
CDKN2A,G35R
CDKN2A,truncating mutations
CDKN2B,Deletion
CDKN2B,Hypermethylation
CDKN2B,Transcriptional repression
CDKN2B,Germline variation
CHEK1,Overexpression
CHEK1,H243fs
CHEK1,P238fs
CHEK1,Deletion of Chek1 via chromosomal deletion of the 11q23.3-24.3 region
CHEK2,IVS2+1G>1
CHEK2,1100delC
CHEK2,I157T
CHEK2,5395del
CHEK2,del5395
CHEK2,IVS2 + 1G>A
CHEK2,H371Y
CHEK2,Inactivating Mutations
CHEK2,Wildtype
CHEK2,Chek2 inhibitor information only
CHEK2,K373E
CHEK2,IVS2G>A
CHEK2,E161del
CHEK2,R117G
CHEK2,E321K
CIC,Inactivating Mutations
CIC,CIC-DUX4 Fusion
CIC,CIC-FOXO4 Fusion
CREBBP,R1446C
CTCF,R377
CTCF,S354
CTCF,R339
CTCF,Truncating Mutations
CTCF,Copy Number Loss
CTNNB1,T41
CTNNB1,D32
CTNNB1,S33
CTNNB1,S45
CTNNB1,S37
CTNNB1,G34
CTNNB1,H36
CTNNB1,D32Y
CTNNB1,D32G
CTNNB1,D32N
CTNNB1,D32V
CTNNB1,S37F
CTNNB1,S37C
CTNNB1,S37A
CTNNB1,T41A
CTNNB1,T41I
CTNNB1,G34R
CTNNB1,G34V
CTNNB1,G34E
CTNNB1,S45F
CTNNB1,S45P
CTNNB1,K335I
CTNNB1,H36P
CTNNB1,S33C
CTNNB1,S33F
CTNNB1,S33P
CTNNB1,S33Y
CTNNB1,W383R
CTNNB1,32_45del
CTNNB1,32_45ins
DDR2,L63V
DDR2,G505S
DDR2,I638F
DDR2,L239R
DDR2,G253C
DDR2,G774V
DDR2,T654I
DDR2,T654M
DDR2,S768R
DDR2,Inactivating Mutations
DDR2,DDR2 deletion
DDR2,All mutations
DDR2,Activating mutations
DNMT3A,R882H
DNMT3A,R882P
DNMT3A,R882C
DNMT3A,Inactivating mutations
DNMT3A,Allelic Loss
DNMT3A,All Mutations
DNMT3B,Amplification
DNMT3B,Overexpression
DNMT3B,DNMT3B7
DNMT3B,DNMT3B4
DNMT3B,DNMT3B3
DNMT3B,All mutations
EGFR,Amplification
EGFR,T263P
EGFR,R252P
EGFR,G598V
EGFR,R252C
EGFR,R108K
EGFR,A289V
EGFR,EGFRvIV
EGFR,EGFRvV
EGFR,EGFRvII
EGFR,EGFR vIII deletion
EGFR,S492R
EGFR,G598E
EGFR,G598A
EGFR,G719C
EGFR,G719S
EGFR,G719A
EGFR,L747S
EGFR,A763_Y764insFQEA
EGFR,T790M
EGFR,G735S
EGFR,G796S
EGFR,E804G
EGFR,L858R
EGFR,R831C
EGFR,R831H
EGFR,R841K
EGFR,L861Q
EGFR,L747_A750delinsP
EGFR,729_761del
EGFR,729_761ins
EGFR,762_823ins
EGFR,Activating mutations
EGFR,A859T
EGFR,A864T
EGFR,A871G
EGFR,D761Y
EGFR,E709A
EGFR,E709K
EGFR,E866K
EGFR,E868G
EGFR,E884K
EGFR,G724S
EGFR,G779S
EGFR,G857E
EGFR,G857R
EGFR,G863D
EGFR,G873E
EGFR,G874S
EGFR,H773L
EGFR,H773R
EGFR,H835L
EGFR,H850D
EGFR,I706T
EGFR,K708R
EGFR,K754E
EGFR,L688P
EGFR,L692P
EGFR,L703
EGFR,L730F
EGFR,L747P
EGFR,L814P
EGFR,L833V
EGFR,P596L
EGFR,P741L
EGFR,P753S
EGFR,P848L
EGFR,R521K
EGFR,R776C
EGFR,R776H
EGFR,R836C
EGFR,S768I
EGFR,S921R
EGFR,T751I
EGFR,T847I
EGFR,T854A
EGFR,V742A
EGFR,V765M
EGFR,V774M
EGFR,V786M
EGFR,V802I
EGFR,V843I
EGFR,V851I
EGFR,Y801C
EGFR,A289T
EGFR,E746_T751delinsI
EGFR,E746_T751delinsV
EGFR,L747_S752delinsS
EGFR,E746_A750delinsV
EGFR,L747_S752delinsQ
EGFR,L747_T751del
EGFR,L747_S752del
EGFR,L747_E749delinsP
EGFR,L747_P753delinsS
EGFR,729_761delins
EGFR,L747_752delinsQ
EGFR,L747_T750delinsP
EGFR,770G ins
EP300,Truncating Mutations
EP300,C1385
EP300,D1399
EP300,R1627
EP300,Translocations
EP300,Inactivating Mutations
EP300,Overexpression / Misexpression
EP300,D1399N
EP300,Overexpression
EPCAM,3' Deletion
EPCAM,Overexpression
ERBB2,Amplification
ERBB2,L755S
ERBB2,L726I
ERBB2,A775_G776insYVMA
ERBB2,D326G
ERBB2,L49H
ERBB2,N319D
ERBB2,V777A
ERBB2,T216S
ERBB2,V750E
ERBB2,G309E
ERBB2,G309A
ERBB2,S310Y
ERBB2,S310F
ERBB2,C299S
ERBB2,C338S
ERBB2,C315S
ERBB2,C311R
ERBB2,C334S
ERBB2,C311S
ERBB2,C331S
ERBB2,E321G
ERBB2,C630Y
ERBB2,D821N
ERBB2,V839G
ERBB2,E719G
ERBB2,P780L
ERBB2,Y803N
ERBB2,E812K
ERBB2,T798M
ERBB2,E717K
ERBB2,L915M
ERBB2,S1002R
ERBB2,L785F
ERBB2,E719K
ERBB2,T7331
ERBB2,S783P
ERBB2,T798I
ERBB2,L726F
ERBB2,V659E
ERBB2,R678Q
ERBB2,I767M
ERBB2,Y835F
ERBB2,S760A
ERBB2,L753A
ERBB2,Y1248F
ERBB2,D845A
ERBB2,L753M
ERBB2,L755P
ERBB2,L755_T759del
ERBB2,D769A
ERBB2,D769H
ERBB2,D769Y
ERBB2,V773A
ERBB2,G776LC
ERBB2,G776insVC
ERBB2,V777L
ERBB2,G778_P780dup
ERBB2,P780_P781insGSP
ERBB2,V842I
ERBB2,N857S
ERBB2,T862A
ERBB2,H878Y
ERBB2,R896C
ERBB2,insYVMA
ERBB2,del.755_759
ERBB2,Activating Mutations
ERBB2,I3K
ERBB2,I3mTOR pathway activation
ERBB2,I3AKT
ERBB2,Y772_A775dup
ERBB2,755_759del
ERBB2,R678L
ERBB2,V777M
ERBB2,E265K
ERBB2,G292B
ERBB2,R970E971G
ERBB2,R970W
ERBB2,R784H
ERBB2,T7331 and D821N
ERBB2,T733I and D821N
ERBB3,V104M
ERBB3,A232V
ERBB3,P262H
ERBB3,G284R
ERBB3,V714M
ERBB3,Q809R
ERBB3,E928G
ERBB3,G284
ERBB3,A232
ERBB3,T355
ERBB3,G325
ERBB3,S846I
ERBB3,T389K
ERBB3,overexpression
ERBB3,Activating mutations
ERBB3,V104L
ERBB3,D297Y
ERBB4,E317K
ERBB4,E836K
ERBB4,E542K
ERBB4,R544W
ERBB4,E452K
ERBB4,E563K
ERBB4,E872K
ERBB4,EZR-ERBB4 fusion
ERBB4,Activating mutations
ERCC2,Y24C
ERCC2,N238S
ERCC2,V242L
ERCC2,P463L
ERCC2,E606G
ERCC2,D609G
ERCC2,D609E
ERCC2,G665A
ERCC4,R689S
ERCC4,E875G
ERCC4,Truncating Mutations
ERCC4,S786F
ERCC4,L230P
ERG,TMPRSS2-ERG
ERG,ERG fusions
ERG,SLC45A3-ERG fusions
ERG,EWSR1-ERG Fusion
ERG,FUS-ERG Fusion
ESR1,Amplification
ESR1,E380Q
ESR1,S463P
ESR1,L536Q
ESR1,Y537N
ESR1,Y537C
ESR1,Y537S
ESR1,D538G
ESR1,ESR1-CCDC170 fusion
ESR1,ESR1-YAP1 fusion
ESR1,V534E
ETV1,EWSR1-ETV1 fusion
ETV1,C15orf21-ETV1
ETV1,TMPRSS2-ETV1
ETV1,EST14-ETV1 and other ETV1 translocations
ETV1,Amplification
ETV1,Overexpression
EWSR1,EWSR1-FLI1 fusion
EWSR1,EWSR1-ERG fusion
EWSR1,EWSR1-ETV1 fusion
EWSR1,EWSR1-ETV4 fusion
EWSR1,EWSR1-FEV fusion
EWSR1,EWSR1-ETV1
EWSR1,EWSR1-FLI1
EWSR1,ESRW1-ETV4
EWSR1,EWSR1-ERG
EWSR1,EWSR1-WT1 fusion
EWSR1,EWSR1-DDIT3 fusion
EWSR1,EWSR1-NR4A3 fusion
EWSR1,EWSR1-CREB1 fusion
EWSR1,EWSR1-ATF1 fusion
EWSR1,EWSR1-YY1 fusion
EZH2,Y641H
EZH2,Y641F
EZH2,Y641C
EZH2,Y641S
EZH2,Y641N
EZH2,A677G
EZH2,Overexpression
EZH2,Y646N
FANCA,Y510C
FANCA,L210R
FANCA,L274P
FANCA,W183A
FANCA,S858R
FANCA,Missense Mutations
FANCA,Truncating Mutations
FAT1,Truncating Mutations
FAT1,Deletion
FAT1,mRNA Downregulation
FAT1,mRNA Upregulation
FAT1,Missense mutations affecting cadherin domains (Arg146Met fs
FAT1,Val306Met
FAT1,Trp543Stop
FAT1,Glu314Stop
FAT1,Missense mutations affecting the cytoplasmic domain
FBXW7,K11R
FBXW7,R505G
FBXW7,R505C
FBXW7,R505S
FBXW7,R505L
FBXW7,R505H
FBXW7,R465P
FBXW7,R465C
FBXW7,R465H
FBXW7,R479Q
FBXW7,R479S
FBXW7,R479X
FBXW7,R479G
FBXW7,Copy Number Loss
FBXW7,Truncating Mutations
FBXW7,Inactivating Mutations
FBXW7,R367*
FBXW7,R658*
FGFR1,Amplification
FGFR1,N546K
FGFR1,T141R
FGFR1,K656E
FGFR1,K656M
FGFR1,N577K
FGFR2,S252W
FGFR2,Y376C
FGFR2,N549-550H/K
FGFR2,K659-660E
FGFR2,P235R
FGFR2,R203C
FGFR2,K660N
FGFR2,Amplification
FGFR2,G271E
FGFR2,E219K
FGFR2,I642V
FGFR2,A648T
FGFR2,D530N
FGFR2,R251Q
FGFR2,P253R
FGFR2,Activating mutations
FGFR2,N550K
FGFR2,FGFR2-BICC1 Fusion
FGFR2,FGFR2-OFD1 Fusion
FGFR2,FGFR2-BICC1
FGFR3,Amplification
FGFR3,R248C
FGFR3,S249C
FGFR3,Y375C
FGFR3,R248
FGFR3,S249
FGFR3,All Mutations
FGFR3,Fusions
FGFR3,t translocation
FGFR3,F384L
FGFR3,Activating Mutations
FGFR3,FGFR3-TACC3 Fusion
FGFR4,Amplification
FGFR4,V550
FGFR4,K535
FLT3,FLT3-ITD
FLT3,D835N
FLT3,D835E
FLT3,D835V
FLT3,D835H
FLT3,D835Y
FLT3,V597A
FLT3,Y591C
FLT3,F594L
FLT3,F590G
FLT3,V592A
FLT3,Y591D
FLT3,Activating mutations
FOXA1,Truncating mutations
FOXA1,I176
FOXA1,D226
FOXA1,M253K
FOXA1,F254
FOXA1,L388M
FOXA1,F400I
FOXA1,L455M
FOXA1,G87R
FOXA1,Amplification
FOXL2,C134W
FOXL2,Amplification
GATA3,Truncating Mutations
GATA3,Amplification
GATA3,mut318_341
GATA3,R177Pfs*126
GATA3,L190M
GLI1,amplification
GLI1,fusions
GLI1,W272fs
GNA11,Q209P
GNA11,Q209L
GNA11,R183C
GNAQ,Q209R
GNAQ,Q209P
GNAQ,Q209L
GNAQ,T96S
GNAS,R201C
GNAS,R201H
GNAS,Q227R
GNAS,Q227L
GNAS,Q227H
GNAS,R844H
GNAS,R844C
H3F3A,K28M
H3F3A,G35R
HIST1H2BD,E77
HIST1H3B,K28M
HIST1H3C,K37M
HLA-A,splice site mutation in Exon 3
HLA-A,truncation mutations in Exon 4
HLA-A,frameshift mutation giving truncated coding sequence
HLA-A,Q78R
HLA-A,Inactivating mutations
HLA-A,Frameshift Mutation
HNF1A,Copy number aberrations
HRAS,G12A
HRAS,G12C
HRAS,G12S
HRAS,G12R
HRAS,G12D
HRAS,G12V
HRAS,G13I
HRAS,G13R
HRAS,G13D
HRAS,G13C
HRAS,G13V
HRAS,Q61R
HRAS,Q61L
HRAS,Q61H
HRAS,Q61K
HRAS,K117R
HRAS,A146T
HRAS,Activating Mutations
HRAS,K117
IDH1,R132H
IDH1,R132G
IDH1,R132L
IDH1,R132P
IDH1,R132C
IDH1,R132S
IDH1,G70D
IDH1,A134D
IDH1,R49C
IDH1,R100/G97/Y139
IDH1,R100
IDH1,G97
IDH1,Y139
IDH1,Activating Mutations
IDH2,R140S
IDH2,R140W
IDH2,R140G
IDH2,R140M
IDH2,R140K
IDH2,R140L
IDH2,R140Q
IDH2,R172T
IDH2,R172S
IDH2,R172G
IDH2,R172W
IDH2,R172M
IDH2,R172K
IDH2,Activating Mutation
IGF1,Copy Number Variation
IGF1,G67R
IGF1,G67E
JAK1,Truncating Mutations
JAK1,A634D
JAK1,S646F
JAK1,Y652H
JAK1,K648N
JAK1,V658I
JAK1,V658F
JAK1,V658L
JAK1,S703I
JAK1,A723D
JAK1,R724H
JAK1,S729C
JAK1,L783F
JAK1,G871E
JAK1,R879C
JAK1,R879S
JAK1,R879H
JAK1,L910P
JAK1,F958V
JAK1,F958C
JAK1,F958S
JAK1,Y1035C
JAK1,K1026E
JAK1,G1097D
JAK1,G1097N
JAK1,G1097S
JAK1,Activating Mutations
JAK2,K539L
JAK2,L611V
JAK2,V617F
JAK2,C618R
JAK2,R683K
JAK2,R683G
JAK2,R683S
JAK2,R683T
JAK2,R863G
JAK2,R863S
JAK2,T875N
JAK2,Fusions
JAK2,Amplification
JAK2,In-frame deletions/insertions
JUN,Amplification
KDM5C,Truncating Mutations
KDM5C,V1075Yfs*2
KDM5C,D402Y
KDM5C,M1_E165DEL
KDM5C,P480L
KDM5C,Inactivating Mutations
KDM6A,Truncating Mutations
KDM6A,Overexpression
KDM6A,Q555*
KDR,Activating Mutations
KDR,Amplification
KEAP1,c. 1413 C/G Genotype
KEAP1,C23Y
KEAP1,R272C
KEAP1,R470C
KEAP1,G186R
KEAP1,D422N
KEAP1,G423V
KEAP1,V155F
KEAP1,R320Q
KEAP1,G430C
KEAP1,R415G
KEAP1,S243C
KEAP1,Inactivating Mutations
KEAP1,Truncating Mutations
KEAP1,Promoter Methylation
KEAP1,Underexpression
KIT,Wildtype
KIT,D60N
KIT,Y418_D419delinsS
KIT,Y418_D419del
KIT,E490K
KIT,M541L
KIT,Y553N
KIT,W557R
KIT,V559C
KIT,V559D
KIT,V559A
KIT,V560del
KIT,L576P
KIT,P577_D579del
KIT,E583K
KIT,K642E
KIT,V654A
KIT,T670I
KIT,H697Y
KIT,D816V
KIT,D816H
KIT,D816Y
KIT,D816I
KIT,D816N
KIT,D820E
KIT,D820G
KIT,N822K
KIT,Y823D
KIT,V559
KIT,D816
KIT,W557
KIT,L576
KIT,K642
KIT,A829P
KIT,449_514mut
KIT,550_592mut
KIT,Activating Mutations
KIT,D816G
KIT,D816A
KIT,D820A
KIT,D820Y
KIT,N822H
KIT,449_514 mut
KMT2A,Truncating mutations
KMT2A,Gene rearrangements
KMT2A,Amplification
KMT2C,Truncating mutations
KMT2C,Deletion
KMT2C,Missense mutations
KMT2C,Single nucleotide polymorphism S3660L
KMT2C,S3660L
KMT2D,Truncating Mutations
KMT2D,SET Domain Mutations
KMT2D,Inactivating Mutations
KRAS,Wildtype
KRAS,G12A
KRAS,G12C
KRAS,G12S
KRAS,G12R
KRAS,G12D
KRAS,G12V
KRAS,G13R
KRAS,G13A
KRAS,G13D
KRAS,G13C
KRAS,G13S
KRAS,G13V
KRAS,Q61P
KRAS,Q61R
KRAS,Q61L
KRAS,Q61H
KRAS,Q61K
KRAS,L19F
KRAS,G60R
KRAS,K117R
KRAS,K117N
KRAS,K117E
KRAS,A146P
KRAS,A146T
KRAS,A146V
KRAS,D153V
KRAS,G10dup
KRAS,Activating Mutations
KRAS,Activating Mutations + PIK3CA Activating Mutations
KRAS,G60G
KRAS,G12F
LATS1,P237Q
LATS1,R82*Q
LATS1,R744Q
LATS1,R744*
LATS1,R744L
LATS1,hypermethylation
MAP2K1,F53Y
MAP2K1,F53L
MAP2K1,F53S
MAP2K1,E203K
MAP2K1,Q56P
MAP2K1,K57N
MAP2K1,K57E
MAP2K1,P124Q
MAP2K1,P124L
MAP2K1,P124S
MAP2K1,L115P
MAP2K1,F129L
MAP2K1,V211D
MAP2K1,I103N
MAP2K1,C121S
MAP2K1,C121G
MAP2K1,Activating mutations
MAP2K1,D67N
MAP2K1,Y130C
MAP2K1,K97M
MAP2K1,S218D
MAP2K1,S222D
MAP2K1,Q56_V60del
MAP2K1,F53
MAP2K1,K57
MAP2K2,F57L
MAP2K2,F57V
MAP2K2,F57C
MAP2K2,Q60P
MAP2K2,E207K
MAP2K2,S154F
MAP2K2,C125S
MAP2K2,N126D
MAP2K2,V35M
MAP2K2,L46F
MAP2K2,Activating mutations
MAP2K2,K101M
MAP2K2,S226D
MAP2K2,S222D
MAP2K4,R154W
MAP2K4,N234I
MAP2K4,S251N
MAP2K4,A279T
MAP2K4,R228K
MAP2K4,G85R
MAP2K4,Inactivating
MAP2K4,All mutations
MAP3K1,Inactivating mutations
MAP3K1,T779fs
MAP3K1,T1481fs
MAP3K1,E1286V
MAP3K1,Truncating Mutations
MAPK1,E322K
MAPK1,E322
MAX,Inactivating
MAX,R60Q
MDM2,Activating Mutations
MDM2,Inactivating Mutations
MDM2,Amplification
MDM2,C>T or G>T point mutation in first putative Zinc finger binding domain
MDM2,Overexpression due to alternate promoter selection
MDM4,mouse C462A
MDM4,Amplification
MDM4,p53 interaction domain: N-terminal mutation
MDM4,increase in MDM4 protein by post-transcriptional mechanism
MDM4,Activating mutation
MDM4,mouse MDM4 S341A
MDM4,S402A
MDM4,S367A
MDM4,p53 interaction domain: N-terminal deletion
MED12,34_68mut
MED12,L1224F
MED12,1_33mut
MED12,Deletion
MET,T1010I
MET,Amplification
MET,D1010_splice
MET,M1250T
MET,N375S
MET,Any activating alteration
MET,R988C
MET,Overexpression
MET,V1001_V1007splice
MET,V1001_V1007del
MET,X1006splice
MET,X963splice
MET,X1006_splice
MET,X963_splice
MET,X1008_splice
MET,V1110I
MET,Y1248C
MET,Y1253D
MET,N1118Y
MET,H1112R
MET,Activating Mutations
MLH1,A120S
MLH1,E172K
MLH1,C233R
MLH1,V384D
MLH1,M587V
MLH1,R265C
MLH1,V506A
MLH1,L559R
MLH1,L582F
MLH1,L622H
MLH1,L550P
MLH1,N551T
MLH1,K618A
MLH1,P648L
MLH1,P654L
MLH1,P648S
MLH1,R659P
MLH1,R659L
MLH1,R755S
MLH1,D737V
MLH1,L749P
MLH1,Truncating Mutations
MLH1,Epigenetic Silencing
MLH1,Missense Mutations
MLH1,Inactivating mutations
MPL,W515L
MPL,W515K
MPL,P106L
MPL,S505N
MPL,K39N
MSH2,Microsatellite Unstable
MSH2,Epigenetic Silencing
MSH2,A636P
MSH6,Truncating Mutations
MSH6,F1088fs*2
MSH6,F1088fs*5
MSH6,E1322*
MSH6,E946*
MTOR,S2215F
MTOR,S2215Y
MTOR,E1799K
MTOR,T1977R
MTOR,T1977K
MTOR,I2500F
MTOR,I2500M
MTOR,F1888I
MTOR,F1888L
MTOR,V2006L
MTOR,V2006I
MTOR,V2006F
MTOR,Activating Mutations
MTOR,Q2223K
MTOR,C1483Y
MTOR,C1483W
MTOR,C1483F
MTOR,C1483R
MTOR,E2419E2014K
MTOR,E2419K
MYC,All Translocations
MYC,Genomic Amplification
MYC,Overexpression
MYC,Translocation t
MYC,P57
MYC,T58
MYC,Amplification
MYC,PVT1-MYC Fusion
MYC,MYC-nick Expression
MYC,S161L
MYCN,Amplification
MYCN,P44L
MYD88,L273P
MYOD1,L122R
MYOD1,MYOD L122R + PIK3CA
NF1,R1391S
NF1,V1398D
NF1,K1436Q
NF1,R1204G
NF1,R1204W
NF1,T1324N
NF1,E1356G
NF1,R1276Q
NF1,L1301R
NF1,R1391G
NF1,S1463F
NF1,A776T
NF1,Q519P
NF1,A330T
NF1,K1423E
NF1,K1423Q
NF1,R1276P
NF1,Y489C
NF1,R816*
NF1,L898P
NF1,Y930*
NF1,K908*
NF1,L844R
NF1,R2450*
NF1,Truncating Mutations
NF1,Deletion
NF1,Missense Mutations
NF1,Inactivating Mutations
NF1,R1319S
NF2,truncating mutations
NFE2L2,G81
NFE2L2,D77
NFE2L2,E79
NFE2L2,T80
NFE2L2,E82
NFE2L2,Q26
NFE2L2,G31
NFE2L2,W24
NFE2L2,D27
NFE2L2,L30
NFE2L2,D29
NFE2L2,Overexpression
NFE2L2,Increased Activity
NFE2L2,E79Q
NFE2L2,E79K
NFE2L2,E82D
NFE2L2,R34G
NFKBIA,deletion
NFKBIA,N210D
NFKBIA,K87N
NFKBIA,Q228R
NFKBIA,E41K
NFKBIA,L110R
NFKBIA,D136N
NFKBIA,D100E
NFKBIA,D307N
NFKBIA,D31N
NFKBIA,G249H
NFKBIA,M37K
NFKBIA,Missense mutations: R143Q
NFKBIA,D136Y
NFKBIA,M45L
NFKBIA,truncation
NFKBIA,R143Q
NFKBIA,Truncating Mutations
NFKBIA,Missense and truncating mutations
NFKBIA,Gain of function mutations
NFKBIA,S36Y
NFKBIA,E14X
NFKBIA,S32A
NFKBIA,Inactivating Mutations
NKX2-1,A339V .
NKX2-1,TRA-NKX2-1 fusion
NKX2-1,TRB-NKX2-1 fusion
NKX2-1,Amplification
NKX2-1,IGH-NKX2 fusion
NOTCH1,1_2250trunc
NOTCH1,E450K
NOTCH1,V2039L
NOTCH1,G310R
NOTCH1,P391S
NOTCH1,G812W
NOTCH1,C456R
NOTCH1,S935N
NOTCH1,G481S
NOTCH1,G484V
NOTCH1,G1340A
NOTCH1,R1280C
NOTCH1,P422S
NOTCH1,F1292L
NOTCH1,R353H
NOTCH1,D1517N
NOTCH1,G1638V
NOTCH1,R365C
NOTCH1,P357del
NOTCH1,M2011R
NOTCH1,V2039E
NOTCH1,E424K
NOTCH1,R353C
NOTCH1,Y1620G
NOTCH1,Y1619P
NOTCH1,R1598P
NOTCH1,L1600P
NOTCH1,R1608T
NOTCH1,R1608S
NOTCH1,F1592S
NOTCH1,R1608V
NOTCH1,V1605del
NOTCH1,L1574P
NOTCH1,L1585P
NOTCH1,V1578del
NOTCH1,L1593P
NOTCH1,R1594Q
NOTCH1,R1608H
NOTCH1,P2514fs*
NOTCH1,Fusions
NOTCH1,V1671I
NOTCH1,Activating Mutations
NOTCH2,R5R
NRAS,G12A
NRAS,G12C
NRAS,G12S
NRAS,G12R
NRAS,G12D
NRAS,G12V
NRAS,G13R
NRAS,G13A
NRAS,G13D
NRAS,G13C
NRAS,G13V
NRAS,Q61P
NRAS,Q61R
NRAS,Q61L
NRAS,Q61H
NRAS,Q61K
NRAS,Q61E
NRAS,Q61H + NF1 loss
NRAS,Q61H + PI3K H1047 activating mutations
NRAS,Activating Mutations
NTRK1,TPM3-NTRK1 Fusion
NTRK1,MPRIP-NTRK1 Fusion
NTRK1,CD74-NTRK1 Fusion
NTRK1,LMNA-NTRK1 Fusion
NTRK1,NFASC-NTRK1
NTRK1,BCAN-NTRK1 Fusions
NTRK1,CHTOP-NTRK1
NTRK1,ARHGEF2-NTRK1 Fusions
NTRK1,Delta-TRKA
NTRK1,TRKAIII Splice Variant
NTRK1,R342W
NTRK1,R342Q
NTRK1,S677N
NTRK1,RABGAP1L-NTRK1
NTRK1,PPL-NTRK1 Fusions
NTRK1,TP53-NTRK1
NTRK1,PPL-NTRK1
NTRK1,TPR-NTRK1
NTRK1,TFG-NTRK1 Fusions
NTRK1,Activating Mutations
NTRK1,Fusions
NTRK2,Overexpression
NTRK2,Activating Mutations
NTRK2,NTRK2 R715G
NTRK2,NTRK2 R734C
NTRK2,NTRK2 M713I
NTRK2,QKI-NTRK2 Fusion
NTRK2,NACC2-NTRK2 Fusion
NTRK2,PAN3Š—–Š— NTRK2 Fusion
NTRK2,AFAP1Š—–Š— NTRK2 Fusion
NTRK2,TRIM24Š—–Š— NTRK2 Fusion
NTRK2,SQSTM1-NTRK2 Fusion
NTRK3,Activating Mutations
NTRK3,ETV6-NTRK3 Fusion
NTRK3,BTBD1-NTRK3 Fusion
NTRK3,CPEB1-NTRK3 Fusion
NTRK3,NTRK3 epigenetic downregulation
NTRK3,NTRK3 expression upregulation
NTRK3,H599Y
NTRK3,I695V
NTRK3,R731Q
NTRK3,H677Y
NTRK3,G608S
NTRK3,R721F
PAK1,Amplification
PAK1,Overexpression
PARP1,G500G
PAX8,PAX8-PPARÔ_ fusion
PBRM1,Truncating Mutations
PDGFRA,D842V
PDGFRA,D842Y
PDGFRA,D842I
PDGFRA,DI842-843IM
PDGFRA,RD841-842KI
PDGFRA,D842_H845del
PDGFRA,I843_D846del
PDGFRA,D842_M844del
PDGFRA,I843del
PDGFRA,del HDSN845-848P
PDGFRA,N848K
PDGFRA,D846Y
PDGFRA,Y849C
PDGFRA,N659K
PDGFRA,V561D
PDGFRA,SPDGHE566-571R
PDGFRA,Ins ER561-562
PDGFRA,amplification
PDGFRA,T674I
PDGFRA,FIP1L1-PDGFRA
PDGFRA,H650Q
PDGFRA,N659S
PDGFRA,R748G
PDGFRA,Y849S
PDGFRA,V561A
PDGFRA,P577S
PDGFRA,G835D
PDGFRA,R841K
PDGFRA,H845Y
PDGFRA,V658A
PDGFRA,V544ins
PDGFRA,C450ins
PDGFRA,C456_R481del
PDGFRA,C456_N468del
PDGFRA,E311_K312del
PDGFRA,V536E
PDGFRA,W349C
PDGFRA,F808L
PDGFRA,Y375_K455del
PDGFRA,KDR-PDGFRA
PDGFRA,S478P
PDGFRA,N659Y
PDGFRA,KIF5B-PDGFRA
PDGFRA,CDK5RAP2-PDGFRA
PDGFRA,STRN-PDGFRA
PDGFRA,ETV6-PDGFRA
PDGFRA,BCR-PDGFRA
PDGFRA,Activating mutations
PDGFRA,Del I843
PDGFRA,Del DIM842-844
PDGFRA,Exon 18 deletions and insertions
PDGFRA,Exon 12 deletion and insertions
PDGFRA,Fusions
PDGFRA,FIP1L1-PDGFRA Fusion
PDGFRA,PDGFRA Fusions
PDGFRB,Fusions
PDGFRB,Amplifications
PDGFRB,H620Y
PDGFRB,E1069K
PDGFRB,S650L
PDGFRB,R437C
PDGFRB,T369R
PDGFRB,A168T
PDGFRB,A168S
PDGFRB,P1042S
PDGFRB,L21P21L
PDGFRB,H620L
PDGFRB,I182M
PDGFRB,E346G
PDGFRB,P1042F
PDGFRB,L21F
PDGFRB,R106G
PDGFRB,R106H
PDGFRB,R437H
PDGFRB,V84M
PDGFRB,T369M
PDGFRB,E346K
PDGFRB,R922H
PDGFRB,All mutations
PDGFRB,PDGFRA-COL1A1 Fusion
PDGFRB,Activating mutations
PDGFRB,Amplification
PIK3CA,E545Q
PIK3CA,E545K
PIK3CA,E542Q
PIK3CA,E542K
PIK3CA,H1047L
PIK3CA,H1047R
PIK3CA,Amplification
PIK3CA,R38H
PIK3CA,R88Q
PIK3CA,R93Q
PIK3CA,R93W
PIK3CA,G106V
PIK3CA,G106R
PIK3CA,K111E
PIK3CA,K111R
PIK3CA,K111del
PIK3CA,K111N
PIK3CA,E116K
PIK3CA,G118D
PIK3CA,N345I
PIK3CA,N345H
PIK3CA,N345K
PIK3CA,N345T
PIK3CA,N345S
PIK3CA,C420G
PIK3CA,C420R
PIK3CA,E453Q
PIK3CA,E453D
PIK3CA,E453K
PIK3CA,Q546E
PIK3CA,Q546R
PIK3CA,Q546P
PIK3CA,Q546L
PIK3CA,Q546K
PIK3CA,Q546H
PIK3CA,D549N
PIK3CA,H701P
PIK3CA,G914R
PIK3CA,T1025S
PIK3CA,M1043I
PIK3CA,M1043V
PIK3CA,M1043T
PIK3CA,M1043L
PIK3CA,E970K
PIK3CA,Activating mutations
PIK3CA,E365K
PIK3CA,V344A
PIK3CA,G364R
PIK3CA,delP449_L455
PIK3CA,H1047Y
PIK3CA,E545A
PIK3CA,E545G
PIK3CA,Y1021C
PIK3CA,E81K
PIK3CA,V344G
PIK3CA,E726K
PIK3CA,E453del
PIK3CA,P539R
PIK3CA,H1047Q
PIK3CB,E552K
PIK3CB,D1067V
PIK3CB,D1067Y
PIK3CB,R321Q
PIK3CB,E1051K
PIK3CB,D1067A
PIK3CB,E663K
PIK3CB,Activating Mutations
PIK3CB,R48W
PIK3CB,N553S
PIK3CB,Amplification and/or Overexpression
PIK3R1,truncating mutations
PIK3R1,129_300ins
PIK3R1,129_300mis
PIK3R1,129_300del
PIK3R1,333_408del
PIK3R1,333_408ins
PIK3R1,333_408mis
PIK3R1,409_624mis
PIK3R1,409_624del
PIK3R1,409_624ins
PIK3R1,624_698mis
PIK3R1,activating mutations
PIK3R1,M582_splice
PIK3R1,N564D
PIK3R1,R348*
PIK3R2,N561D
PIK3R2,A171V
PIK3R2,P323S
PIK3R2,S273C
PIK3R2,A415T
PIK3R2,A727V
PIK3R2,G373R
PIK3R2,R35Q
PIK3R2,F118L
PIK3R2,N4031
PIK3R2,A533V
PIK3R2,A36E
PIK3R2,K376N
PIK3R2,Amplification
PIK3R2,Overexpression
PIK3R2,Activating
PIK3R2,Activating Mutations
PMS1,Truncating Mutations
PMS2,Inactivating Mutations
PMS2,Truncating
PMS2,R20Q
PMS2,I668V
PMS2,G207E
PMS2,S46I
PMS2,S46N
PMS2,E41A
PMS2,c.989-1G>T
POLE,S297F
POLE,S459F
POLE,L424V
POLE,P286R
POLE,P286S
POLE,A456P
POLE,M444K
POLE,P436R
POLE,S297Y
POLE,P286H
POLE,F367S
POLE,L424I
POLE,V411L
PPP2R1A,P179R
PPP2R1A,P179L
PPP2R1A,R183R
PPP2R1A,R183W
PPP2R1A,R183P
PPP2R1A,R183Q
PPP2R1A,R182
PPP2R1A,S256
PPP2R1A,W257
PPP2R1A,R258
PPP6C,R301C
PRDM1,Loss of Expression
PRDM1,Truncating mutations
PRDM1,P48T
PRDM1,Y149D
PRDM1,P48R
PRDM1,C569Y
PTCH1,T1195S
PTCH1,P1200L
PTCH1,Truncating Mutations
PTCH1,Inactivating Mutations
PTEN,C124S
PTEN,K342N
PTEN,G20E
PTEN,K128R
PTEN,K125M
PTEN,M134L
PTEN,K125L
PTEN,K289E
PTEN,A126G
PTEN,S227F
PTEN,D331G
PTEN,F347L
PTEN,I122L
PTEN,T401I
PTEN,V369G
PTEN,I122V
PTEN,S10N
PTEN,L42R
PTEN,A121V
PTEN,K125R
PTEN,T131S
PTEN,G129A
PTEN,Inactivating mutations
PTEN,in-frame mutations
PTEN,I32del
PTEN,Truncating mutations
PTEN,loss
PTEN,Deletion
PTEN,R130G
PTEN,R130L
PTEN,R130P
PTEN,R130Q
PTEN,C71Y
PTEN,C124R
PTEN,T131L
PTEN,L112R
PTEN,A121P
PTEN,H61R
PTEN,L112P
PTEN,C136Y
PTEN,C105F
PTEN,R130K
PTEN,H93Y
PTEN,Y155C
PTEN,G165R
PTEN,T131I
PTEN,A126D
PTEN,Y27S
PTEN,G129R
PTEN,F341V
PTEN,R130A
PTEN,G127N
PTEN,H123Y
PTEN,Y68H
PTEN,Y174N
PTEN,G129E
PTEN,Y16C
PTEN,G129D
PTEN,R173P
PTEN,L345Q
PTEN,D107Y
PTEN,R173C
PTEN,S170R
PTEN,R173H
PTEN,C124N
PTEN,V343E
PTEN,V133I
PTEN,G251C
PTEN,K128T
PTEN,S170N
PTEN,M134I
PTEN,R130*
PTEN,R233*
PTEN,I67R
PTEN,G165V
PTEN,H123A
PTEN,H123R
PTPN11,E76D
PTPN11,G60A
PTPN11,E76G
PTPN11,E76K
PTPN11,F71I
PTPN11,F71K
PTPN11,F71L
PTPN11,E76Q
PTPN11,G60R
PTPN11,E76V
PTPN11,G60V
PTPN11,N58D
PTPN11,N58K
PTPN11,C155T
PTPN11,E69K
PTPN11,A72V
PTPN11,D61Y
PTPN11,Y62D
PTPN11,A72T
PTPN11,N58S
PTPN11,Y62C
PTPN11,GA226-227AT
PTPN11,D61V
PTPN11,E69Q
PTPN11,A72S
PTPN11,E69V
PTPN11,D61N
PTPN11,V45L
PTPN11,A72G
PTPN11,D61G
PTPN11,E76A
PTPN11,T73I
PTPN11,T21I
PTPN11,Y63C
PTPN11,Q79P
PTPN11,T42A
PTPN11,Q79R
PTPN11,D106A
PTPN11,G503R
PTPN11,G503A
PTPN11,G503V
PTPN11,T1504G
PTPN11,T507K
PTPN11,G506P
PTPN11,G503P
PTPN11,S502L
PTPN11,N308T
PTPN11,L560F
PTPN11,N308S
PTPN11,G268S
PTPN11,S502P
PTPN11,P491S
PTPN11,I282V
PTPN11,F285L
PTPN11,T468M
PTPN11,N308D
PTPN11,Y279C
PTPN11,F285S
PTPN11,S502T
PTPN11,R501K
PTPN11,Q256R
PTPN11,I309V
PTPN11,M504V
PTPN11,E139D
PTPN11,R138Q
PTPN11,Loss of Function Mutations
PTPN11,R289G
PTPRD,Truncating mutations
PTPRD,R716H
PTPRD,R716C
PTPRD,L1053F
PTPRD,R1088C
PTPRD,S431L
PTPRD,E1786K
PTPRD,E1434K
PTPRD,E1445K
PTPRD,R1088L
PTPRD,R561Q
PTPRD,R1898C
PTPRD,L1053V
PTPRD,L1053I
PTPRD,V1565I
PTPRD,R716L
PTPRD,Aberrant Splicing
PTPRD,Promoter Hypermethylation
PTPRD,Copy Number Loss/Deletion
PTPRT,Q1180K
PTPRT,R928L
PTPRT,R1188H
PTPRT,R1324L
PTPRT,Q1180*
PTPRT,V1124G
PTPRT,N1380K
PTPRT,R1040L
PTPRT,G1382E.
PTPRT,P1213S
PTPRT,A1022E
PTPRT,Q965K
PTPRT,Q987K
PTPRT,P1213L
PTPRT,T1346M
PTPRT,D905G
PTPRT,D927G
PTPRT,N1106I
PTPRT,N1128I
PTPRT,V995M
PTPRT,R1190W
PTPRT,R928Q
PTPRT,V1124I
PTPRT,nonsense and frameshift mutations
PTPRT,Promoter hypermethylation
PTPRT,T844M
PTPRT,S492F
PTPRT,N510K
PTPRT,Y280H
PTPRT,I395V
PTPRT,F74S
PTPRT,A209T
PTPRT,F248S
PTPRT,Y412F
PTPRT,V648G
PTPRT,R453C
PTPRT,A707T
PTPRT,R479E
PTPRT,K218T
PTPRT,T605M
PTPRT,L708P.
PTPRT,Gain in copy number
PTPRT,Alteration of gene expression
RAC1,P29S
RAC1,P29L
RAC1,A178V
RAD21,Truncating Mutation
RAD50,K20M
RAD50,L234fs
RAD50,658_713mut
RAD50,L1273F
RAD50,Truncating mutations
RAD50,Reduced Expression
RAD50,Inactivating Mutations
RAD51B,RAD51B c.139C > T
RAD51B,p.Arg47
RAD51B,RAD51B copy number aberration
RAD51B,HMGIC-RAD51B fusion
RAD54L,G325R
RAF1,S257L
RAF1,S257W
RAF1,S427G
RAF1,I448V
RAF1,SRGAP3-RAF1 fusions
RAF1,RAF1-ESRP1
RAF1,HACL-RAF1
RAF1,ATG7-RAF1
RAF1,QKI-RAF1
RAF1,ESRP1-RAF1
RAF1,Amplification
RAF1,Overexpression
RASA1,Truncating mutations
RASA1,L481F
RASA1,Y472H
RASA1,K400E
RASA1,R398L
RASA1,I401V
RASA1,Deletions
RB1,Truncating Mutations and deletions
RB1,Y728C
RB1,P515L
RB1,E440K
RB1,Q444L
RB1,R661W
RB1,C706F
RB1,Q444H
RB1,R698W
RB1,P515T
RB1,R621S
RB1,R798W
RB1,A488V
RB1,R798Q
RB1,R621P
RB1,I388S
RB1,S612C
RB1,V654L
RB1,Y659F
RB1,R698I
RB1,V654M
RB1,Interacting mutations: RB1 + p53
RB1,Interacting mutations: RB1 + NUSAP
RBM10,Truncating Mutations
RBM10,V354E
RBM10,Inactivating mutations
RBM10,RBM10 + VEGF
RBM10,RBM10 + HER2
RBM10,RBM10 + Caspase 3
RBM10,RBM10 + BRMS1
RECQL4,Missense
RET,M918T
RET,C609
RET,C618
RET,C634
RET,C611
RET,C620
RET,C630
RET,L790
RET,Y791
RET,V804
RET,A883F
RET,S891A
RET,Fusions
RET,Activating Mutations
RHEB,Y35C
RHEB,Y35H
RHEB,Activating mutations
RHEB,Y35N
RHOA,R5W
RHOA,R5L
RHOA,R5Q
RHOA,G14R
RHOA,G14V
RHOA,G17A
RHOA,G17V
RHOA,G17E
RHOA,T19R
RHOA,T19N
RHOA,E40T
RHOA,E40W
RHOA,E40L
RHOA,E40N
RHOA,E40Q
RHOA,Y42C
RHOA,Y42S
RHOA,Y42F
RHOA,Y42I
RHOA,L57V
RHOA,Overexpression
ROS1,FIG-ROS1 Fusion
ROS1,CD74-ROS1 Fusion
ROS1,LRIG3-ROS1 Fusion
ROS1,KDELR2-ROS1 Fusion
ROS1,SLC34A2-ROS1 Fusion
ROS1,TPM3-ROS1 Fusion
ROS1,SDC4-ROS1 Fusion
ROS1,EZR-ROS1 Fusion
ROS1,CCDC6-ROS1 Fusion
ROS1,CEP85L-ROS1 Fusion
ROS1,TFG-ROS1 Fusion
ROS1,YWHAE-ROS1 Fusion
ROS1,LIMA1-ROS1 Fusion
ROS1,MSN-ROS1 Fusion
ROS1,Fusions
ROS1,G2032R
ROS1,L1951R
ROS1,FIG-ROS1
ROS1,CD74-ROS1
ROS1,LRIG3-ROS1
ROS1,KDELR2-ROS1
ROS1,SLC34A2-ROS1
ROS1,TPM3-ROS1
ROS1,SDC4-ROS1
ROS1,EZR-ROS1
ROS1,CCDC6-ROS1
ROS1,CEP85L-ROS1
ROS1,TFG-ROS1
ROS1,YWHAE-ROS1
ROS1,LIMA1-ROS1
ROS1,MSN-ROS1
RUNX1,RUNX1-ETO Fusion
RUNX1,RUNX1-EVI1 Fusion
RUNX1,TEL-RUNX1 Fusion
RUNX1,Loss of Function Mutations or Deletions
RUNX1,Amplification or Overexpression
RUNX1,RUNX1 Fusions
RUNX1,Inactivating Mutations
RUNX1,All Fusions
RUNX1,RUNX1-RUNX1T1 Fusion
RUNX1,R174X
RUNX1,R166Q
RUNX1,R201Q
RUNX1,R177X
RUNX1,W279X
RUNX1,K83E
RUNX1,K83N
RUNX1,R80C
SDHB,S100F
SDHB,Germline mutations - multiple
SDHC,Germline mutations - Multiple
SDHC,c.397C>T  somatic mutation
SETD2,Truncating Mutations
SETD2,L1331F
SETD2,F2505L
SETD2,T1557N
SETD2,R1496
SETD2,Q2325
SETD2,N1396K
SETD2,R2077
SETD2,C2524
SETD2,L1804S
SETD2,S800N
SETD2,M761I
SETD2,R2122W
SETD2,P226S
SETD2,T2214A
SETD2,K1654Q
SETD2,D1397G
SETD2,D1493N
SF3B1,E622
SF3B1,R625
SF3B1,H662
SF3B1,K666
SF3B1,K700
SF3B1,G742
SF3B1,Missense or Inactivating Mutations in Cterminal Region
SF3B1,K700E
SF3B1,G742D
SF3B1,Inactivating Mutations in Cterminal Region
SMAD2,L440R
SMAD2,D450H
SMAD2,D450E
SMAD2,G421S
SMAD2,S464*
SMAD2,S467P
SMAD2,S464L
SMAD2,S276L
SMAD2,D300N
SMAD2,P305L
SMAD2,R133C
SMAD2,P445H
SMAD2,Inactivating Mutations
SMAD2,CNA loss
SMAD3,Q23*
SMAD3,R268C
SMAD3,R268H
SMAD3,S422_S233insRN
SMAD3,S425C
SMAD3,S423VfsX13
SMAD3,K63R
SMAD3,D258N
SMAD3,D408Y
SMAD3,Inactivating mutations
SMAD4,Inactivating mutations and deletions
SMAD4,R441P
SMAD4,D493H
SMAD4,R361C
SMAD4,V370D
SMAD4,V350D
SMAD4,R100T
SMAD4,D351 to P356
SMAD4,L540
SMAD4,D537
SMAD4,R515T
SMAD4,A406T
SMAD4,K428T
SMAD4,A118V
SMAD4,L98F
SMAD4,G65R
SMAD4,K45N
SMAD4,T97I
SMAD4,R361H
SMAD4,G386D
SMAD4,Inactivating mutations
SMAD4,truncating mutations
SMAD4,deletion
SMARCA4,T910M
SMARCA4,R978*
SMARCA4,R1093*
SMARCA4,Truncating Mutations
SMARCA4,Inactivating mutations
SMARCA4,G1232S
SMARCD1,Q359/D391H
SMARCD1,Protein upregulation
SMO,Activating Mutations
SMO,D473H
SMO,D473G
SMO,W535L
SMO,K575M
SMO,H231R
SMO,D384N
SMO,N219D
SMO,L221R
SMO,W281C
SMO,Q477E
SMO,Q635E
SMO,V321M
SMO,F460L
SMO,L412F
SMO,C469Y
SMO,I408V
SMO,A459V
SMO,T241M
SMO,S387N
SMO,E518
SMO,Wildtype
SMO,any mutation or no mutations
SOX9,K398A
SOX9,amplification and overexpression
SOX9,A19V
SOX9,H65Y
SOX9,F12L
SOX9,P70R
SOX9,Q378fs
SOX9,F289fs
SOX9,Q369*
SOX9,Q246*
SOX9,P366fs
SOX9,F423fs
SOX9,D168G
SOX9,E255fs
SOX9,L146fs
SOX9,F270fs
SOX9,Q416*
SPOP,E50
SPOP,E46
SPOP,E78
SPOP,E47
SPOP,M117
SPOP,S80
SPOP,P94
SPOP,K103
SPOP,non-sense
SPOP,R45
SPOP,D140
SPOP,R121
SPOP,frame shift
SPOP,S119
SPOP,W131
SPOP,K134
SPOP,Y87
SPOP,F133
SPOP,F102
SPOP,F125
SPOP,K129
SPOP,N296I
SPOP,F133L
SRC,Q531
SRC,D407H
SRC,Activating Mutations
STK11,Truncating/inactivating Mutations
TERT,C228T
TERT,C250T
TERT,Amplification
TET1,Truncating Mutations
TET1,1652_2052mut
TET1,585_624mut
TET1,Inactivating Mutations
TET1,MLL-TET1 Translocations
TET2,Truncating Mutations
TET2,1362_1905mut
TET2,Inactivating Mutations
TGFBR1,Loss of Expression
TGFBR1,S387Y
TGFBR1,Deletion in exon 1
TGFBR1,Frameshift mutation in exon 5
TGFBR1,N45S
TGFBR1,P83L
TGFBR1,C41Y
TGFBR1,G52R
TGFBR1,TGFBR1*6A
TGFBR2,D404G
TGFBR2,E526Q
TGFBR2,Inactivating Mutations
TGFBR2,Truncating Mutations
TGFBR2,Loss of Expression
TGFBR2,R553C
TGFBR2,P525L
TGFBR2,R537P
TGFBR2,364
TMPRSS2,TMPRSS2-ETS fusions
TMPRSS2,T75M
TMPRSS2,M160V
TMPRSS2,Hypermethylation
TP53,102_292del
TP53,102_292ins
TP53,102_292mis
TP53,V218dup
TP53,R337P
TP53,R337C
TP53,R337H
TP53,R337L
TP53,Inactivating Mutations
TP53,Truncating Mutations
TP53,R273C
TP53,R273H
TP53,R273L
TP53,R273S
TP53,R175H
TP53,R175G
TP53,C176F
TP53,C176Y
TP53,I195T
TP53,I195F
TP53,I195N
TP53,Y126_splice
TP53,Y163C
TP53,C238Y
TP53,C238F
TP53,V173L
TP53,V173M
TP53,Y205C
TP53,C135Y
TP53,C135F
TP53,M237I
TP53,R196*
TP53,R196P
TP53,R213*
TP53,R213Q
TP53,R213L
TP53,P151S
TP53,P151H
TP53,A187_splice
TP53,R280K
TP53,R280T
TP53,R280G
TP53,R280I
TP53,K132N
TP53,K132R
TP53,K132E
TP53,C141Y
TP53,C141W
TP53,V274F
TP53,V274D
TP53,V216M
TP53,Q331_splice
TP53,S241F
TP53,S241Y
TP53,S241C
TP53,L194R
TP53,S33_splice
TP53,V272M
TP53,P278S
TP53,P278L
TP53,P278R
TP53,P278A
TP53,V225_splice
TP53,T125_spliceSS
TP53,F270S
TP53,E225_spliceSS
TP53,G244D
TP53,G244C
TP53,G244S
TP53,N239S
TP53,N239D
TP53,I255F
TP53,E286K
TP53,E286*
TP53,S215I
TP53,S215R
TP53,T125T
TP53,T125M
TP53,L111P
TP53,Q144*
TP53,D281Y
TP53,D281N
TP53,P278T
TP53,deletion
TSC1,Truncating Mutations
TSC2,truncating/inactivating mutations
U2AF1,S34Y
U2AF1,S34F
U2AF1,Q157P
U2AF1,Q157R
U2AF1,Activating Mutations
VHL,Q73
VHL,L89
VHL,S111
VHL,Y98
VHL,Y112
VHL,S65
VHL,S68
VHL,Truncating Mutations
VHL,V155_splice
XPO1,E571K
XRCC2,Truncating Mutations
XRCC2,R188H
YAP1,Amplification
YAP1,Overexpression or Activation
YAP1,YAP1-TFE3 fusion
YAP1,YAP1-MAMLD1 fusion
YAP1,YAP1-FAM118B fusion
ZFHX3,A2572G
ZFHX3,codon 3395 in frame deletion
ZFHX3,codon 1740
ZFHX3,V777)
ZFHX3,codon 3311-3388
ZFHX3,Q1740
ZFHX3,Transcriptional suppression